Safety Stock,Reorder Point
4.185700050918144,188.38070005091816
